amber_rNames,amber_aName,charmm_aName
ALA,H,HN
ARG,HB2,HB1
ARG,HB3,HB2
ARG,HG2,HG1
ARG,HG3,HG2
ARG,HD2,HD1
ARG,HD3,HD2
ARG,H,HN
ASN,HB2,HB1
ASN,HB3,HB2
ASN,H,HN
ASP,HB2,HB1
ASP,HB3,HB2
ASP,H,HN
CYS,HB2,HB1
CYS,HB3,HB2
CYS,HG,HG1
CYS,H,HN
GLN,HB2,HB1
GLN,HB3,HB2
GLN,HG2,HG1
GLN,HG3,HG2
GLN,H,HN
GLU,HB2,HB1
GLU,HB3,HB2
GLU,HG2,HG1
GLU,HG3,HG2
GLU,H,HN
GLY,HA2,HA1
GLY,HA3,HA2
GLY,H,HN
HID,HB2,HB1
HID,HB3,HB2
HID,H,HN
HIE,HB2,HB1
HIE,HB3,HB2
HIE,H,HN
HIP,HB2,HB1
HIP,HB3,HB2
HIP,H,HN
ILE,CD1,CD
ILE,HD11,HD1
ILE,HD12,HD2
ILE,HD13,HD3
ILE,HG12,HG11
ILE,HG13,HG12
ILE,H,HN
LEU,HB2,HB1
LEU,HB3,HB2
LEU,H,HN
LYS,HB2,HB1
LYS,HB3,HB2
LYS,HG2,HG1
LYS,HG3,HG2
LYS,HD2,HD1
LYS,HD3,HD2
LYS,HE2,HE1
LYS,HE3,HE2
LYS,H,HN
MET,HB2,HB1
MET,HB3,HB2
MET,HG2,HG1
MET,HG3,HG2
MET,H,HN
PHE,HB2,HB1
PHE,HB3,HB2
PHE,H,HN
PRO,HB2,HB1
PRO,HB3,HB2
PRO,HG2,HG1
PRO,HG3,HG2
PRO,HD2,HD1
PRO,HD3,HD2
PRO,H,HN
SER,HB2,HB1
SER,HB3,HB2
SER,HG,HG1
SER,H,HN
THR,H,HN
TRP,HB2,HB1
TRP,HB3,HB2
TRP,H,HN
TYR,HB2,HB1
TYR,HB3,HB2
TYR,H,HN
VAL,H,HN